1,-576459995027,0.016157070000000006,-9.554812469999998,-1.9621863900000003,0,0,0,-0.18368,0.5581800000000001,-0.11592
2,-576459994927,0.013763430000000004,-9.538655399999998,-1.9669736700000002,0,0,0,-0.18242,0.5623800000000002,-0.11213999999999999
3,-576459994803,0.032912550000000006,-9.553017239999999,-1.9442340900000004,0,0,0,-0.17765999999999998,0.5602800000000001,-0.11984
4,-576459994687,0.008377740000000002,-9.548229959999999,-1.9675720800000003,0,0,0,-0.17625999999999997,0.5590200000000002,-0.12012
5,-576459994573,0.019747530000000006,-9.558402929999998,-1.9633832100000004,0,0,0,-0.18003999999999998,0.5640600000000001,-0.12096
6,-576459994468,0.009574560000000003,-9.548229959999999,-1.9831307400000002,0,0,0,-0.18438,0.5618200000000002,-0.12054000000000001
7,-576459994360,0.007779330000000002,-9.551820419999999,-1.9777450500000002,0,0,0,-0.18717999999999999,0.5623800000000002,-0.119
8,-576459994249,0.004188870000000001,-9.563190209999998,-1.9651784400000003,0,0,0,-0.17975999999999998,0.5586000000000002,-0.12026
9,-576459994140,0.022141170000000005,-9.557206109999997,-1.9556038800000002,0,0,0,-0.18242,0.5628000000000002,-0.12068
10,-576459994028,0.0035904600000000006,-9.606874139999999,-1.9956973500000004,0,0,0,-0.17892,0.5588800000000002,-0.11227999999999999
11,-576459993933,0.013165020000000005,-9.56618226,-1.9639816200000002,0,0,0,-0.17934,0.5625200000000001,-0.11158
12,-576459993728,0.007779330000000002,-9.556607699999999,-1.9538086500000003,0,0,0,-0.18087999999999999,0.5562200000000002,-0.11676
13,-576459993523,0.014960250000000005,-9.558402929999998,-1.95739911,0,0,0,-0.1813,0.5584600000000002,-0.11326
14,-576459993522,0.033510960000000006,-9.532072889999997,-1.9651784400000003,0,0,0,-0.18074,0.5594400000000002,-0.11213999999999999
15,-576459993319,0.02034594000000001,-9.553017239999999,-1.9603911600000004,0,0,0,-0.17892,0.5601400000000002,-0.11956
16,-576459993317,0.5271992100000001,-12.903514829999997,-2.9974356900000005,0,0,0,-0.16814,0.5681200000000002,-0.12376
17,-576459993114,4.024905660000001,-9.688856309999998,0.7887043800000001,0,0,0,-0.16814,0.5577600000000001,-0.14475999999999997
18,-576459993112,-7.14381858,-11.488873589999997,-2.6527515300000006,0,0,0,-0.22148,0.4986800000000001,-0.22946
19,-576459992909,-0.3285270899999999,-3.0034197899999997,-6.500527830000001,0,0,0,-0.18928,0.5217800000000001,-0.24696
20,-576459992907,-1.0478159099999997,-5.956573139999999,-2.4726301200000003,0,0,0,-0.15847999999999998,0.5335400000000001,-0.2597
21,-576459992704,-0.6097797899999999,-3.8046907799999996,-10.001226330000001,0,0,0,-0.15134,0.5385800000000002,-0.24458
22,-576459992703,-3.92856165,-5.0745168,-7.921153170000001,0,0,0,-0.16183999999999998,0.5303200000000002,-0.23743999999999998
23,-576459992499,-2.9830738499999994,-4.7627451899999995,-6.971476500000001,0,0,0,-0.15036,0.5292000000000002,-0.25395999999999996
24,-576459992498,-2.3631210899999995,-3.0656544299999995,-6.605847990000001,0,0,0,-0.11886,0.5042800000000002,-0.37562
25,-576459992294,-0.5409626399999999,-0.17234207999999995,-7.418488770000001,0,0,0,-0.08442,0.4454800000000001,-0.41594
26,-576459992291,-2.5408488599999997,4.316331330000001,-15.211582200000002,0,0,0,-0.023379999999999998,0.3880800000000001,-0.42125999999999997
27,-576459992182,1.9083294900000003,3.569515650000001,-9.80135739,0,0,0,0.05418000000000001,0.3690400000000001,-0.40124
28,-576459992071,3.0997638000000007,2.942980380000001,-9.561993390000001,0,0,0,0.20846000000000006,0.3760400000000001,-0.35686
29,-576459991956,3.276893160000001,0.44820909000000014,-4.543727130000001,0,0,0,0.30296000000000006,0.3950800000000001,-0.25577999999999995
30,-576459991847,5.463483300000002,-0.5062548599999999,1.59595947,0,0,0,0.34510000000000013,0.42448000000000013,-0.07728
31,-576459991714,5.975722260000002,-0.6175591199999999,6.41914407,0,0,0,0.30002000000000006,0.44702000000000014,0.18144000000000005
32,-576459991613,2.430741420000001,-1.1286012599999997,9.65055807,0,0,0,0.18690000000000004,0.4592000000000001,0.22470000000000007
33,-576459991502,-1.9059358499999997,0.18490869000000004,12.71202363,0,0,0,0.03332000000000001,0.46690000000000015,0.18340000000000006
34,-576459991392,-6.926595749999999,-1.4870488499999996,8.81697294,0,0,0,-0.11886,0.47516000000000014,0.11830000000000002
35,-576459991278,-8.360984519999997,0.19927053000000006,6.95232738,0,0,0,-0.1953,0.4629800000000001,0.05488000000000001
36,-576459991182,-9.277150229999998,-0.10472174999999999,6.052917150000001,0,0,0,-0.26011999999999996,0.4377800000000001,0.05796000000000001
38,-576459990861,-8.247885029999999,1.0137065400000003,11.032286759999998,0,0,0,-0.13776,0.4408600000000001,0.19124000000000005
39,-576459990656,-6.5908877399999986,1.5199614000000004,11.23694298,0,0,0,-0.004339999999999999,0.4538800000000001,0.22694000000000006
40,-576459990655,-0.46197251999999994,-0.07839170999999998,9.71578476,0,0,0,0.13720000000000004,0.4750200000000001,0.19544000000000003
41,-576459990451,6.028382340000002,-2.1800076299999995,7.100134649999999,0,0,0,0.24822000000000005,0.4914000000000001,0.07700000000000003
42,-576459990450,3.7687861800000007,-3.8022971399999994,1.67435118,0,0,0,0.28126000000000007,0.5173000000000001,-0.22204000000000002
43,-576459990246,5.649588810000002,-2.5151172299999995,-4.8112164,0,0,0,0.24052000000000007,0.5156200000000002,-0.30212
44,-576459990244,4.869262170000001,-3.9022316099999994,-8.691306840000001,0,0,0,0.17360000000000003,0.5021800000000002,-0.3416
45,-576459990195,2.814920640000001,-1.8742201199999997,-7.882854930000001,0,0,0,0.10150000000000002,0.4967200000000001,-0.34944
46,-576459990084,-0.86709609,-2.4642523799999996,-3.9800249100000005,0,0,0,-0.05306,0.4916800000000001,-0.33963999999999994
47,-576459989978,-2.54025045,0.8856468000000002,-10.12030992,0,0,0,-0.13341999999999998,0.4964400000000001,-0.31626
48,-576459989878,-8.347819499999998,-1.4110507799999998,-4.553900100000001,0,0,0,-0.21406,0.4820200000000001,-0.26977999999999996
49,-576459989751,-10.111932179999997,-1.9729577699999998,-14.137436250000002,0,0,0,-0.23576,0.4678800000000001,-0.24584
50,-576459989641,-7.986978269999999,0.6367082400000003,-9.00666891,0,0,0,-0.224,0.44702000000000014,-0.28713999999999995
51,-576459989520,-7.367623919999999,0.9323227800000004,-10.26991242,0,0,0,-0.16968,0.42014000000000007,-0.38205999999999996
52,-576459989407,-3.783148019999999,0.7139031300000003,-11.698915500000002,0,0,0,-0.09464,0.4232200000000001,-0.39522
53,-576459989308,-1.9657768499999997,0.35246349000000016,-10.202292090000002,0,0,0,-0.0343,0.4272800000000001,-0.38864
54,-576459989199,4.544325540000002,-0.4380361199999999,-6.314422320000001,0,0,0,0.19306000000000004,0.4660600000000001,-0.31528
55,-576459989018,5.323455360000002,-1.5044027399999995,-4.154162220000001,0,0,0,0.19306000000000004,0.5101600000000002,-0.17052
56,-576459988813,5.276779380000002,-3.789132119999999,1.41464124,0,0,0,0.24892000000000006,0.5408200000000002,-0.02548
57,-576459988811,3.787935300000001,-2.888525069999999,9.0419751,0,0,0,0.17094000000000004,0.5380200000000002,0.10962000000000002
58,-576459988608,1.2417007500000004,-3.296042279999999,8.99829117,0,0,0,0.048020000000000014,0.5296200000000002,0.16884000000000005
59,-576459988606,-5.24506365,-3.625167779999999,8.87262507,0,0,0,-0.0896,0.5217800000000001,0.16058000000000006
60,-576459988403,-8.019890819999999,-3.1572111599999997,8.67335454,0,0,0,-0.20215999999999998,0.5097400000000001,0.04522000000000001
61,-576459988402,-9.235261529999997,-2.9734992899999995,9.73493388,0,0,0,-0.24612,0.4876200000000001,0.04704000000000001
62,-576459988198,-8.080928639999998,-0.85512789,11.443992839999998,0,0,0,-0.25256,0.49070000000000014,0.09856000000000002
63,-576459988196,-9.237056759999998,-0.9347164199999999,11.95144452,0,0,0,-0.12264,0.5209400000000001,0.13636000000000004
64,-576459988078,-2.6784831599999994,-2.859801389999999,8.02168605,0,0,0,-0.008679999999999998,0.5594400000000002,0.12586000000000003
65,-576459987971,1.5061979700000006,-4.9446618299999985,9.773232120000001,0,0,0,0.11186000000000003,0.5793200000000003,0.07224000000000001
66,-576459987877,1.7617190400000005,-5.938620839999999,5.784231060000001,0,0,0,0.19474000000000005,0.5769400000000002,-0.03765999999999999
67,-576459987739,6.384436290000003,-5.634628559999999,0.8000741699999999,0,0,0,0.21686000000000005,0.5521600000000001,-0.26404
68,-576459987627,2.7293480100000007,-3.3798196799999993,-4.529963700000001,0,0,0,0.16422000000000003,0.5370400000000002,-0.31066
69,-576459987512,0.6492748500000002,-3.4893287099999997,-6.631579620000001,0,0,0,0.051940000000000014,0.5233200000000001,-0.30394
70,-576459987404,-6.423332939999998,-3.92018391,-13.77001251,0,0,0,-0.05194,0.5307400000000002,-0.26543999999999995
71,-576459987294,-4.9727871,-2.9896563599999997,-6.289887510000002,0,0,0,-0.1344,0.5300400000000002,-0.252
72,-576459987184,-6.356909429999999,-1.0298636099999998,-13.160232720000002,0,0,0,-0.14769999999999997,0.5252800000000002,-0.26165999999999995
73,-576459987070,-4.650244109999999,-1.0238795099999998,-9.771436890000002,0,0,0,-0.12040000000000001,0.5006400000000002,-0.29525999999999997
74,-576459986957,-3.6634660199999995,-2.4121907099999995,-9.080871750000002,0,0,0,-0.07195999999999998,0.48398000000000013,-0.3353
75,-576459986850,0.4835152800000001,-4.63827591,-8.79602859,0,0,0,0.019880000000000005,0.5034400000000001,-0.34257999999999994
76,-576459986739,4.309748820000001,-4.960220489999998,-1.9017469800000002,0,0,0,0.13328000000000004,0.5453000000000001,-0.10738
77,-576459986626,3.193115760000001,-5.76687717,3.46240026,0,0,0,0.16674000000000005,0.5868800000000002,0.015820000000000004
78,-576459986509,0.11609154000000003,-5.2779761999999995,6.29946207,0,0,0,0.11690000000000003,0.6034000000000002,0.08554000000000003
79,-576459986413,-3.4845414299999993,-4.019519969999999,10.07423235,0,0,0,0.0023800000000000006,0.5663000000000001,0.07812000000000002
80,-576459986297,-7.481920229999999,-4.105092599999999,4.978771200000001,0,0,0,-0.2093,0.5362000000000002,0.03276000000000001
81,-576459986179,-7.018750889999999,-3.7777623299999994,12.98011131,0,0,0,-0.22133999999999998,0.5299000000000001,0.026740000000000007
82,-576459986063,-9.674494469999997,-4.5299637,11.877840089999998,0,0,0,-0.16212,0.5576200000000002,0.07112000000000003
83,-576459985966,-4.554498509999999,-5.640014249999999,10.23101577,0,0,0,-0.05292,0.6018600000000002,0.05964000000000001
84,-576459985856,1.4493490200000005,-8.132990309999999,7.342490699999999,0,0,0,0.04382000000000001,0.6242600000000001,-0.0203
85,-576459985723,3.4444479600000015,-5.382099539999999,2.22129792,0,0,0,0.09240000000000002,0.5985000000000001,-0.21588
86,-576459985613,3.728692710000001,-6.240219479999999,-2.03220036,0,0,0,0.08092000000000002,0.5780600000000001,-0.26796
87,-576459985513,1.3416352200000004,-6.866754749999999,-4.28401719,0,0,0,0.03374000000000001,0.5590200000000002,-0.2758
88,-576459985400,0.05445531000000001,-6.4849691699999985,-6.633973260000001,0,0,0,-0.12068,0.5464200000000001,-0.25899999999999995
89,-576459985289,-3.0818114999999993,-7.341892289999999,1.8766137600000001,0,0,0,-0.16576,0.5453000000000001,-0.20202
90,-576459985174,-5.754310559999999,-2.5378568099999996,-14.22779616,0,0,0,-0.16674,0.5551000000000001,-0.15722
91,-576459985082,-5.948195399999999,-3.9171918599999995,-10.59544746,0,0,0,-0.18746,0.5362000000000002,-0.16702
92,-576459984922,-6.635768489999999,-4.212806399999999,-7.885846980000002,0,0,0,-0.22133999999999998,0.5010600000000002,-0.18774
93,-576459984717,-5.796797669999998,-4.932095219999999,-7.9217515800000005,0,0,0,-0.20118,0.4884600000000001,-0.29722
94,-576459984715,-2.6677117799999994,-5.972131799999999,-7.691363730000001,0,0,0,-0.15582,0.5010600000000002,-0.29862
95,-576459984512,0.11968200000000004,-7.314963839999999,-3.2421853800000004,0,0,0,-0.07769999999999999,0.5412400000000002,-0.24962
96,-576459984511,4.847719410000001,-6.450261389999999,-2.5216997400000003,0,0,0,-0.020859999999999997,0.6050800000000002,-0.2065
97,-576459984307,6.172000740000001,-8.577608939999998,-1.4134444200000005,0,0,0,0.0014000000000000002,0.6169800000000002,-0.16436
98,-576459984292,3.888468180000001,-6.650130329999999,-3.0004277400000006,0,0,0,-0.01232,0.6297200000000002,-0.11648
99,-576459984180,2.756276460000001,-8.670362489999999,1.8101902499999998,0,0,0,-0.02408,0.6340600000000003,-0.06943999999999999
100,-576459984077,1.8407091600000007,-8.779273109999998,6.590289329999999,0,0,0,-0.044939999999999994,0.6238400000000002,-0.01358
101,-576459983966,0.7557918300000003,-8.192232899999999,3.6413248499999997,0,0,0,-0.05152,0.6186600000000001,0.035420000000000014
102,-576459983854,1.6839257400000003,-7.730260379999999,5.49280539,0,0,0,-0.06957999999999999,0.6101200000000002,0.023800000000000005
103,-576459983734,1.2943608300000005,-7.595618129999998,4.9979203199999995,0,0,0,-0.08665999999999999,0.6101200000000002,-0.0012599999999999998
104,-576459983634,-0.4847121,-5.7656803499999985,3.18832848,0,0,0,-0.1253,0.5826800000000001,-0.02702
105,-576459983515,-2.8783520999999994,-8.51477589,-2.6527515300000006,0,0,0,-0.2065,0.5699400000000001,-0.0371
106,-576459983397,1.6127149500000006,-1.6803352799999998,1.52295345,0,0,0,-0.2177,0.5597200000000002,-0.03346
107,-576459983281,-5.955376319999998,-3.61020753,6.056507610000001,0,0,0,-0.25745999999999997,0.5233200000000001,-0.056139999999999995
108,-576459983185,-7.210242089999999,-4.303764719999999,10.94731254,0,0,0,-0.27355999999999997,0.49658000000000013,-0.12474
109,-576459983071,-11.294390339999998,-6.374263319999999,10.888668359999999,0,0,0,-0.28293999999999997,0.48664000000000013,-0.11396
110,-576459982962,-8.90673444,-5.719602779999998,6.55917201,0,0,0,-0.25801999999999997,0.5250000000000001,-0.06062
111,-576459982845,-4.132619459999999,-4.848916229999999,6.803323289999999,0,0,0,-0.21266,0.5635000000000002,-0.06985999999999999
112,-576459982748,-5.7872231099999984,-7.420284,2.97349929,0,0,0,-0.18914,0.5791800000000001,-0.06762
113,-576459982626,-2.0064687299999995,-9.661927859999999,3.6443168999999997,0,0,0,-0.12348,0.6069000000000001,-0.07615999999999999
114,-576459982509,0.6540621300000002,-8.215570889999999,3.36067056,0,0,0,-0.12040000000000001,0.6095600000000001,-0.06831999999999999
115,-576459982397,0.6325193700000001,-7.322743169999998,2.84663637,0,0,0,-0.15722,0.5888400000000003,-0.09646
116,-576459982290,1.5923690100000003,-5.948793809999999,-2.24702955,0,0,0,-0.126,0.5944400000000002,-0.16758
117,-576459982180,4.239136440000001,-7.489699559999998,-3.6425216700000007,0,0,0,-0.11368,0.5944400000000002,-0.17668
118,-576459982067,6.435899550000002,-7.300003589999998,-3.9285616500000007,0,0,0,-0.11312,0.5923400000000002,-0.18508
119,-576459981957,-2.28652461,-11.168125829999996,6.62619393,0,0,0,-0.15819999999999998,0.5835200000000001,-0.06006
120,-576459981844,-2.3391846899999997,-13.529451689999997,5.608298519999999,0,0,0,-0.15875999999999998,0.5716200000000002,-0.0994
121,-576459981728,0.031117320000000007,-5.852449799999999,-4.436013330000001,0,0,0,-0.15525999999999998,0.5490800000000002,-0.06453999999999999
122,-576459981616,-6.3192096,-10.353689819999996,-6.556778370000001,0,0,0,-0.2093,0.5296200000000002,-0.0371
123,-576459981500,-3.1248970199999992,-7.7350476599999975,-1.7844586200000003,0,0,0,-0.20384,0.5387200000000002,-0.05908
124,-576459981389,-1.3332574799999997,-6.753056849999998,-1.07235072,0,0,0,-0.18325999999999998,0.5447400000000002,-0.047459999999999995
125,-576459981291,-6.547802219999999,-7.0983394199999985,-0.13105179,0,0,0,-0.1631,0.5467000000000002,8.400000000000001e-4
126,-576459981031,-6.458639129999999,-8.369362259999999,-6.68663334,0,0,0,-0.13047999999999998,0.5496400000000001,0.04928000000000001
127,-576459981029,-5.398855019999998,-7.493888429999999,-5.388682050000002,0,0,0,-0.10262,0.5460000000000002,0.09884000000000003
128,-576459980826,-6.743482289999998,-7.678797119999999,-5.36833611,0,0,0,-0.11326,0.5215000000000002,0.08190000000000003
129,-576459980824,-6.124726349999999,-7.102528289999999,-1.49183613,0,0,0,-0.17975999999999998,0.4986800000000001,0.016660000000000005
130,-576459980621,-5.464680119999999,-6.201322829999999,-3.28467249,0,0,0,-0.24037999999999998,0.4327400000000001,-0.051660000000000005
131,-576459980620,-8.55486936,-8.698487759999999,0.5020659900000001,0,0,0,-0.2996,0.4323200000000001,-0.09394
132,-576459980416,-8.173083779999999,-8.243097749999999,-2.7808112700000005,0,0,0,-0.31429999999999997,0.4200000000000001,-0.14475999999999997
133,-576459980415,-6.993617669999998,-7.273673549999999,-0.97840035,0,0,0,-0.315,0.40908000000000005,-0.18983999999999998
134,-576459980211,-6.826661279999998,-7.761377699999999,-6.57293544,0,0,0,-0.29777999999999993,0.41958000000000006,-0.23015999999999998
135,-576459980188,-6.137891369999998,-5.173852859999999,-6.326988930000001,0,0,0,-0.2653,0.4327400000000001,-0.28475999999999996
136,-576459980073,-5.212749509999999,-5.662155419999999,-7.584846750000001,0,0,0,-0.2261,0.48720000000000013,-0.32522
137,-576459979957,-4.103297369999999,-9.158665049999998,7.77992841,0,0,0,-0.1799,0.4981200000000001,-0.33348
138,-576459979856,-3.6455137199999994,-6.857778599999999,-1.7317985400000002,0,0,0,-0.1659,0.4849600000000001,-0.35854
139,-576459979732,-6.24081789,-8.287978499999998,-3.3086088900000004,0,0,0,-0.15022,0.4867800000000001,-0.36918
140,-576459979609,-7.143220169999998,-9.667313549999998,-0.7934916600000002,0,0,0,-0.13692,0.4589200000000001,-0.38472
141,-576459979500,-6.760237769999999,-5.230103399999999,-6.67107468,0,0,0,-0.16926,0.3732400000000001,-0.41481999999999997
142,-576459979404,-9.662526269999997,-5.734563029999999,-5.005101240000001,0,0,0,-0.20636000000000002,0.29190000000000005,-0.4081
143,-576459979294,-8.719432109999998,-1.8819994499999997,-4.136808330000001,0,0,0,-0.25801999999999997,0.2585800000000001,-0.35812
144,-576459979174,-7.93611342,-1.5845896799999997,-5.043997890000002,0,0,0,-0.31135999999999997,0.2655800000000001,-0.21658
145,-576459979056,-6.2599670099999996,-0.7061237999999999,0.96703056,0,0,0,-0.34551999999999994,0.2711800000000001,-0.12488
146,-576459978950,-10.118514689999998,-5.970934979999998,-0.8114439600000001,0,0,0,-0.35868,0.2553600000000001,-0.01512
147,-576459978841,-11.019720149999998,-5.459892839999999,-0.16396434000000001,0,0,0,-0.34901999999999994,0.3095400000000001,0.07840000000000003
148,-576459978729,-7.920554759999999,-5.088878639999998,-3.6006329700000004,0,0,0,-0.26614,0.34482000000000007,0.12124000000000003
149,-576459978617,-9.429744779999998,-6.805118519999999,-1.55167713,0,0,0,-0.15567999999999999,0.3809400000000001,0.20720000000000005
150,-576459978506,-3.938734619999999,-7.84994238,2.32601967,0,0,0,-0.1057,0.3936800000000001,0.22106000000000006
151,-576459978411,-4.504232069999999,-6.626792339999998,0.13344543,0,0,0,-0.14168,0.3837400000000001,0.19964000000000007
152,-576459978163,-6.529849919999998,-6.426923399999998,-1.01849382,0,0,0,-0.25438,0.34720000000000006,0.13622000000000004
153,-576459978160,-9.677486519999999,-6.203716469999999,6.031972799999999,0,0,0,-0.33852,0.23184000000000005,-0.028560000000000002
154,-576459978050,-10.314793169999998,-3.3331436999999995,-2.2081329,0,0,0,-0.35028000000000004,0.19824000000000006,-0.09562
155,-576459977939,-8.17009173,-2.6940418199999994,-3.7197165600000006,0,0,0,-0.35462,0.13160000000000005,-0.17402
156,-576459977842,-11.992734809999996,-2.6282167199999993,-1.04602068,0,0,0,-0.29483999999999994,0.08372000000000002,-0.25228
157,-576459977713,-8.050409729999998,0.8593167600000001,-7.3616398200000015,0,0,0,-0.23520000000000002,0.06986000000000002,-0.32242
158,-576459977602,-8.155131479999998,0.7234776900000003,-7.741031760000001,0,0,0,-0.126,0.056840000000000016,-0.40137999999999996
159,-576459977490,-3.0477021299999993,-1.9897132499999999,-5.026644000000002,0,0,0,-0.006299999999999999,0.047180000000000014,-0.42448
160,-576459977388,-1.5229534499999997,0.4242726900000001,-10.385405550000003,0,0,0,0.04928000000000001,0.023660000000000007,-0.41369999999999996
161,-576459977273,-1.9962957599999998,1.1830565700000004,-9.809136720000001,0,0,0,0.08834000000000003,-0.02786,-0.36819999999999997
162,-576459977157,-1.2195595799999999,2.567777310000001,-5.171459220000001,0,0,0,0.08344000000000001,-0.0854,-0.30239999999999995
163,-576459977047,-3.4456447799999994,4.8082243500000015,-10.080216450000002,0,0,0,0.011340000000000003,-0.1225,-0.22386
164,-576459976945,-7.046277749999999,6.589092510000002,-9.77024007,0,0,0,-0.06804,-0.13146,-0.17528
165,-576459976837,-7.356852539999998,7.4184887700000015,-2.7855985500000005,0,0,0,-0.10443999999999999,-0.12852,-0.08904000000000001
166,-576459976722,-10.984413959999998,7.350270030000002,-4.8453257700000005,0,0,0,-0.10248,-0.11507999999999999,-0.010499999999999999
167,-576459976606,-8.142564869999998,7.910980200000002,-0.7952868900000002,0,0,0,-0.12907999999999997,-0.08848,0.026740000000000007
168,-576459976492,-6.825464459999999,4.731627870000001,5.58795258,0,0,0,-0.13468,-0.06663999999999999,0.07322000000000002
169,-576459976390,-9.687659489999998,3.2930502300000004,4.77830385,0,0,0,-0.10542,-0.03738,0.17570000000000002
170,-576459976275,-7.902602459999999,0.7085174400000002,7.48132182,0,0,0,-0.1029,0.020860000000000004,0.17640000000000006
171,-576459976159,-5.906306699999999,2.1010175100000006,5.43416121,0,0,0,-0.10612,0.010220000000000003,0.16184000000000004
172,-576459976053,-6.4927484999999985,1.9633832100000006,6.0080364,0,0,0,-0.12768,-0.03836,0.12404000000000003
173,-576459975948,-7.829596439999999,4.780099080000001,3.33493893,0,0,0,-0.10948,-0.07434,0.08624000000000001
174,-576459975837,-8.174280599999998,5.686091820000002,1.90713267,0,0,0,-0.09534,-0.10388,0.02940000000000001
175,-576459975714,-8.325079919999999,6.539424480000002,0.63192096,0,0,0,-0.08063999999999999,-0.12866,-0.036539999999999996
176,-576459975593,-8.049212909999998,7.678198710000002,-2.7969683400000007,0,0,0,-0.05544,-0.14224,-0.09491999999999999
177,-576459975490,-6.6142257299999985,8.135982360000002,-7.47234567,0,0,0,-0.00784,-0.15036,-0.22652
178,-576459975381,-3.8567524499999997,6.115750200000003,-7.5202184700000005,0,0,0,0.05558000000000001,-0.13146,-0.26558
179,-576459975271,-0.6073861499999998,7.900807230000002,-6.261163830000001,0,0,0,0.12068000000000004,-0.07952,-0.27971999999999997
180,-576459975156,3.0279546000000006,3.112330410000001,-6.498732600000001,0,0,0,0.20272000000000004,-0.05502,-0.26543999999999995
181,-576459975058,5.024250360000003,2.761662150000001,-7.924145220000001,0,0,0,0.2851800000000001,-0.036399999999999995,-0.24976
182,-576459974947,4.607757000000001,2.1572680500000003,-5.717209140000001,0,0,0,0.2945600000000001,-0.02296,-0.25242
183,-576459974682,3.074032170000001,2.3104610100000005,-1.8442996200000004,0,0,0,0.23352000000000006,-0.06831999999999999,-0.26837999999999995
184,-576459974680,-1.5851880899999995,9.662526270000003,-7.240162590000001,0,0,0,0.07196000000000001,-0.14112,-0.20748
185,-576459974477,-4.547915999999999,10.846779660000005,-5.696863200000001,0,0,0,-0.00966,-0.15946,-0.1246
186,-576459974476,-9.1616571,7.630924320000002,1.92029769,0,0,0,-0.03066,-0.14756,-0.02982
187,-576459974272,-9.425555909999998,8.112045960000001,2.55939957,0,0,0,-0.0329,-0.11452000000000001,0.12656000000000003
188,-576459974270,-5.628046049999999,5.3826979500000025,9.52429356,0,0,0,-0.02926,-0.07644,0.18368000000000007
189,-576459974180,-5.127176879999999,2.047759020000001,9.92223621,0,0,0,0.010640000000000004,0.017920000000000005,0.22456000000000004
190,-576459974062,-3.1883284799999996,1.8664407900000006,5.9697381599999995,0,0,0,0.08778000000000002,0.048020000000000014,0.23968000000000006
191,-576459973953,2.1620553300000003,0.11070585000000002,6.043940999999999,0,0,0,0.09030000000000002,0.062300000000000015,0.23520000000000008
192,-576459973838,0.04607757000000001,-0.19927052999999997,3.76040844,0,0,0,0.058380000000000015,0.03346000000000001,0.23016000000000003
193,-576459973718,-6.605847989999998,3.0028213800000008,12.123188189999999,0,0,0,-0.008539999999999999,-0.02296,0.18228000000000005
194,-576459973610,-10.131081299999996,7.883453340000002,5.273787329999999,0,0,0,-0.06062,-0.08106,0.09842000000000002
195,-576459973497,-11.229762059999997,7.683584400000001,-1.67913846,0,0,0,-0.07392,-0.12166,-0.1288
196,-576459973386,-9.060525809999998,8.407660500000002,-5.632833330000001,0,0,0,-0.06146,-0.13887999999999998,-0.23898
197,-576459973276,-5.036816969999998,4.955433210000002,-6.263557470000001,0,0,0,0.004760000000000001,-0.09015999999999999,-0.29498
198,-576459973176,-0.5242071599999999,5.026644000000003,-6.028382340000001,0,0,0,0.23422000000000004,-0.02352,-0.31317999999999996
199,-576459973044,4.295386980000001,0.4308552000000001,-3.692788110000001,0,0,0,0.2972200000000001,0.023940000000000006,-0.30044
200,-576459972839,3.500100090000001,1.3565954700000005,-6.715955430000002,0,0,0,0.2535400000000001,-0.0112,-0.31794
201,-576459972634,1.2129770700000004,4.252899870000002,-5.661557010000002,0,0,0,0.14980000000000004,-0.08399999999999999,-0.29133999999999993
202,-576459972632,-3.6838119599999994,5.816545200000002,-5.07870567,0,0,0,0.06930000000000001,-0.13509999999999997,-0.23772
203,-576459972429,-5.595133499999999,7.639302060000001,-4.13561151,0,0,0,0.016660000000000005,-0.15791999999999998,-0.14602
204,-576459972428,-8.98692138,10.579888800000003,-0.7049269800000002,0,0,0,0.008260000000000003,-0.15456,-0.059359999999999996
205,-576459972224,-9.68646267,9.178412580000003,3.85256358,0,0,0,0.022120000000000008,-0.12739999999999999,0.09926000000000003
206,-576459972222,-6.967886039999998,9.727154550000003,6.076853549999999,0,0,0,0.03444000000000001,-0.09982,0.13748000000000005
207,-576459972180,-1.7473571999999997,3.7460466000000006,8.08810956,0,0,0,0.11620000000000003,-0.0259,0.14462000000000005
208,-576459972059,-1.8006156899999997,-1.1728835999999998,5.38628841,0,0,0,0.15848000000000004,-0.01918,0.16366000000000006
209,-576459971951,2.6431769700000007,4.891403340000001,9.11498112,0,0,0,0.13272000000000003,-0.0329,0.15890000000000004
210,-576459971846,-2.711994119999999,6.328784160000002,10.29444723,0,0,0,0.12600000000000003,-0.06804,0.13202000000000005
211,-576459971729,-3.3708435299999993,10.652894820000002,5.751916919999999,0,0,0,0.09184000000000003,-0.1211,0.07868000000000003
212,-576459971615,-6.582509999999998,10.429089480000005,2.34875925,0,0,0,0.11732000000000004,-0.12935999999999998,0.0051800000000000014
213,-576459971499,-4.1200528499999995,11.673782280000005,-2.8675807200000007,0,0,0,0.14560000000000003,-0.1414,-0.08484
214,-576459971392,-3.1996982699999994,11.379364560000004,-3.0560798700000005,0,0,0,0.17514000000000007,-0.14336000000000002,-0.12852
215,-576459971291,1.9597927500000005,7.6734114300000025,-6.045137820000002,0,0,0,0.24332000000000006,-0.039479999999999994,-0.13692
216,-576459970996,5.343801300000001,6.344941230000002,-1.82156004,0,0,0,0.39746000000000015,0.06370000000000002,-0.11424000000000001
217,-576459970994,5.337218790000002,-1.91191995,0.9592512299999999,0,0,0,0.4100600000000001,0.11816000000000003,-0.10948
218,-576459970791,7.383182580000002,1.9442340900000006,-2.6425785600000005,0,0,0,0.3941000000000001,0.05502000000000001,-0.13999999999999999
219,-576459970789,4.827373470000002,3.365457840000001,-1.90832949,0,0,0,0.3414600000000001,-0.030100000000000002,-0.15722
220,-576459970586,-0.11309948999999997,10.824638490000003,-3.440259090000001,0,0,0,0.2697800000000001,-0.0987,-0.11158
221,-576459970584,-2.3242244399999996,11.729434410000003,0.41350131,0,0,0,0.22680000000000006,-0.11227999999999999,0.013160000000000003
222,-576459970381,-3.25355517,9.935999640000002,4.30316631,0,0,0,0.21980000000000005,-0.09534,0.06846000000000002
223,-576459970176,-1.8849914999999995,10.719318330000002,6.631579619999999,0,0,0,0.21462000000000006,-0.0455,0.14826000000000003
224,-576459970174,0.14541363000000004,5.120594370000002,5.73097257,0,0,0,0.19166000000000005,0.03962000000000001,0.21770000000000006
225,-576459970162,-3.483344609999999,1.0208874600000002,10.50987483,0,0,0,0.13342000000000004,0.10304000000000003,0.2672600000000001
226,-576459970048,-3.286467719999999,0.32254299000000014,13.4941455,0,0,0,0.11102000000000004,0.15904000000000004,0.27832000000000007
227,-576459969938,-4.143989249999999,-2.3703020099999996,8.93545812,0,0,0,0.12376000000000002,0.17920000000000003,0.2714600000000001
228,-576459969836,-0.5463483299999999,0.7426268100000003,7.63870365,0,0,0,0.13454000000000005,0.16478000000000004,0.25662000000000007
229,-576459969711,-0.15798023999999997,-3.075827399999999,7.521415289999999,0,0,0,0.17472000000000004,0.17122000000000004,0.23744000000000004
230,-576459969602,0.9586528200000003,-3.6413248499999993,7.29940518,0,0,0,0.20188000000000003,0.24346000000000007,0.24360000000000007
231,-576459969486,-2.39124636,-4.354031159999999,11.761150139999998,0,0,0,0.20496000000000006,0.2732800000000001,0.24010000000000006
232,-576459969376,-2.953751759999999,-4.69273122,9.14310639,0,0,0,0.20440000000000005,0.29834000000000005,0.24822000000000005
233,-576459969283,-1.3362495299999997,-3.9901978799999998,7.33171932,0,0,0,0.20384000000000005,0.2917600000000001,0.2529800000000001
234,-576459969169,-0.9778019399999999,-3.079417859999999,13.246403759999998,0,0,0,0.20496000000000006,0.2966600000000001,0.25144000000000005
235,-576459969059,1.2470864400000004,-1.7042716799999997,13.650330509999998,0,0,0,0.18480000000000005,0.3199000000000001,0.26278000000000007
236,-576459968950,-2.0250194399999994,-2.0824667999999997,8.64343404,0,0,0,0.20874000000000006,0.3761800000000001,0.22190000000000004
237,-576459968852,-4.82797188,-5.590346219999999,5.98888728,0,0,0,0.22134000000000004,0.40572000000000014,0.18522000000000005
239,-576459968538,-3.8675238299999988,-3.485139839999999,7.733252429999999,0,0,0,0.21882000000000004,0.36302000000000006,0.3007200000000001
240,-576459968333,-3.364261019999999,-3.7394640899999994,12.181832369999999,0,0,0,0.19460000000000005,0.3151400000000001,0.23436000000000007
241,-576459968332,-2.8741632299999993,-4.252899869999999,11.83535298,0,0,0,0.2545200000000001,0.19292000000000006,0.08120000000000002
242,-576459968297,5.508364050000001,-1.4912377199999995,10.28487267,0,0,0,0.3505600000000001,0.15904000000000004,-0.046619999999999995
243,-576459968178,5.026644000000003,-4.561679429999999,11.23514775,0,0,0,0.3663800000000001,0.14504000000000003,-0.19768
244,-576459968065,3.4899271200000013,-2.1285443699999997,-0.53557695,0,0,0,0.24696000000000007,0.08260000000000002,-0.33375999999999995
245,-576459967956,2.6198389800000013,0.8048614500000002,-6.700396770000001,0,0,0,0.07700000000000003,0.10094000000000002,-0.41678
246,-576459967859,-1.6240847399999996,-0.02932209,-8.6709609,0,0,0,-0.12432,0.15148000000000003,-0.4109
247,-576459967727,-6.776394839999998,0.41050926000000015,-10.877298570000002,0,0,0,-0.24192,0.15428000000000006,-0.32843999999999995
248,-576459967602,-6.77579643,-0.08796626999999997,-8.36098452,0,0,0,-0.29539999999999994,0.14728000000000005,-0.23772
249,-576459967493,-5.0643438299999985,2.9226344400000013,-10.729491300000001,0,0,0,-0.31079999999999997,0.12922000000000006,-0.28224
250,-576459967387,-4.513806629999999,2.4367255200000004,-11.159748090000004,0,0,0,-0.17808000000000002,0.09590000000000003,-0.36175999999999997
251,-576459967287,3.050095770000001,3.6060186600000006,-7.365828690000001,0,0,0,-0.0168,0.05110000000000001,-0.39536
252,-576459967105,6.343744410000002,5.464081710000002,-4.9488507,0,0,0,0.20216000000000003,0.03276000000000001,-0.33081999999999995
253,-576459966900,5.167868760000002,0.9000086400000001,-5.124184830000001,0,0,0,0.3546200000000001,0.10780000000000002,-0.19893999999999998
254,-576459966898,2.731741650000001,-4.297780619999999,6.78836304,0,0,0,0.3889200000000001,0.24290000000000006,-0.020159999999999997
255,-576459966695,-0.7677600299999998,-6.314422319999999,3.8220446699999995,0,0,0,0.2998800000000001,0.3698800000000001,0.11284000000000002
256,-576459966693,-6.423332939999998,-4.384550069999999,2.13991416,0,0,0,0.14126000000000002,0.41748000000000013,0.21084000000000006
257,-576459966490,-13.963298939999996,-6.781780529999998,2.73293847,0,0,0,-0.11466000000000001,0.4321800000000001,0.07224000000000001
258,-576459966488,-12.555838619999996,-4.295386979999999,2.0393812799999997,0,0,0,-0.29372,0.3746400000000001,-0.07168000000000001
259,-576459966321,-11.217793859999997,-4.83216075,-6.551392680000002,0,0,0,-0.34146,0.3666600000000001,-0.18297999999999998
260,-576459966302,-1.6432338599999996,-0.9718178399999998,-7.130055150000001,0,0,0,-0.2961,0.3676400000000001,-0.26067999999999997
261,-576459966188,-3.069843299999999,-3.2709090599999993,-6.341949180000001,0,0,0,-0.2555,0.3672200000000001,-0.31514
262,-576459966065,-1.1357821799999999,-1.7120510099999997,-9.314850060000001,0,0,0,-0.25004,0.34860000000000013,-0.32578
263,-576459965968,-3.5228396699999993,-2.817912689999999,-7.8690915000000015,0,0,0,-0.28574,0.3351600000000001,-0.2835
264,-576459965858,-7.450802909999999,-4.580230139999999,-2.1710314800000003,0,0,0,-0.34636,0.3346000000000001,-0.13243999999999997
265,-576459965671,-13.727525399999998,-4.146382889999999,5.228308169999998,0,0,0,-0.30898,0.3441200000000001,0.06524000000000002
266,-576459965623,-12.613884389999997,-4.989542579999999,4.833955980000001,0,0,0,-0.12432,0.3803800000000001,0.22946000000000005
267,-576459965520,-4.4042976,-3.72929112,6.19593714,0,0,0,0.13300000000000003,0.3287200000000001,0.12474000000000003
268,-576459965418,-0.26030834999999997,-7.271878319999999,13.459437719999999,0,0,0,0.29848000000000013,0.3010000000000001,-0.04396
269,-576459965306,1.4170348800000003,-6.184567349999998,3.2176505699999995,0,0,0,0.3810800000000001,0.20328000000000004,-0.22820000000000001
270,-576459965189,7.647081390000001,0.32014935000000017,-2.41817481,0,0,0,0.24836000000000005,0.12404000000000003,-0.34831999999999996
271,-576459965079,7.445417220000001,1.3200924600000004,-6.897872070000001,0,0,0,0.12796000000000005,0.11522000000000002,-0.40487999999999996
272,-576459964980,7.832588490000003,3.415724280000001,-11.100505500000002,0,0,0,0.09772000000000002,0.13020000000000004,-0.41719999999999996
273,-576459964852,6.638162130000001,1.0986807600000004,-5.160089430000001,0,0,0,0.18158000000000005,0.15540000000000004,-0.40446000000000004
274,-576459964647,6.101986770000003,-1.7934347699999997,-4.661613900000001,0,0,0,0.29078000000000004,0.18956000000000006,-0.32899999999999996
275,-576459964442,7.700339880000003,-0.7527997799999998,-3.2128632900000005,0,0,0,0.3572800000000001,0.29358000000000006,-0.22820000000000001
276,-576459964440,-1.0125097199999997,-5.010486929999999,3.3181834499999994,0,0,0,0.3428600000000001,0.41720000000000007,0.11116000000000002
277,-576459964273,-4.13441469,-5.625053999999999,4.19066523,0,0,0,0.24206000000000005,0.4478600000000001,0.22022000000000005
278,-576459964271,-9.261591569999998,-3.369048299999999,7.554327840000001,0,0,0,0.04886000000000001,0.4058600000000001,0.19068000000000004
279,-576459964198,-14.614967429999998,-1.3428320399999998,0.30758273999999997,0,0,0,-0.16687999999999997,0.30590000000000006,0.02730000000000001
280,-576459964099,-11.587012829999995,0.23397831000000008,2.96871201,0,0,0,-0.3556,0.2527000000000001,-0.13971999999999998
281,-576459963980,-7.453196549999999,0.6606446400000002,-6.22765287,0,0,0,-0.31905999999999995,0.24094000000000004,-0.25339999999999996
282,-576459963874,-4.458752909999999,0.08138376000000004,-7.626137040000001,0,0,0,-0.27649999999999997,0.20692000000000008,-0.32354
283,-576459963764,-2.0399796899999996,-0.8838515699999998,-6.203716470000002,0,0,0,-0.24206,0.17052000000000006,-0.34187999999999996
284,-576459963640,-4.569458759999999,1.4732854200000005,-4.65383457,0,0,0,-0.3073,0.14756000000000005,-0.0266
285,-576459963539,-14.805261809999998,4.359416850000001,4.16972088,0,0,0,-0.35251999999999994,0.16226000000000004,0.18732000000000004
286,-576459963418,-15.32408328,1.4840568000000005,2.3230276200000004,0,0,0,-0.24164,0.4439400000000001,0.22078000000000006
287,-576459963304,-8.051008139999999,-2.03579082,3.0877956,0,0,0,0.20944000000000004,0.46746000000000015,0.12936000000000003
288,-576459963196,-2.2272820199999996,-4.758556319999999,11.938279499999998,0,0,0,0.3505600000000001,0.39676000000000006,-0.05334
289,-576459963089,2.838258630000001,-3.028553009999999,4.899182670000001,0,0,0,0.33628000000000013,0.2612400000000001,-0.29539999999999994
290,-576459962989,7.7966838900000015,3.1829427900000007,-7.7260715100000015,0,0,0,0.16716000000000003,0.18634000000000006,-0.41552
291,-576459962881,2.247627960000001,1.6133133600000007,-11.142394200000002,0,0,0,0.024360000000000007,0.16408000000000006,-0.44954
292,-576459962599,-0.1974753,-0.6444875699999998,-13.444477470000002,0,0,0,-0.047459999999999995,0.15470000000000003,-0.44492
293,-576459962597,3.658678740000001,1.3948937100000003,-12.400850430000002,0,0,0,0.024640000000000006,0.16996000000000006,-0.44954
294,-576459962394,5.8057738200000015,-1.1543328899999998,-3.540791970000001,0,0,0,0.21854000000000007,0.21042000000000005,-0.23912
295,-576459962393,3.279885210000001,-2.1566696399999996,2.33080695,0,0,0,0.3411800000000001,0.5031600000000002,-0.07531999999999998
296,-576459962226,-0.46077569999999995,-5.696264789999998,0.7150999499999999,0,0,0,0.2867200000000001,0.5553800000000002,0.07896000000000002
297,-576459962202,-6.962500349999999,-5.676517259999999,7.853532840000001,0,0,0,-0.03108,0.5345200000000002,0.14616000000000004
298,-576459962099,-10.036532519999998,-3.1901237099999995,3.05069418,0,0,0,-0.21392,0.4495400000000001,0.12782000000000004
299,-576459961988,-13.203916649999998,4.0105438200000005,0.05924259,0,0,0,-0.34636,0.3222800000000001,-0.025339999999999998
300,-576459961871,-9.874363409999997,0.5415610500000002,-3.6903944700000006,0,0,0,-0.33669999999999994,0.22680000000000006,-0.2303
301,-576459961761,-3.936939389999999,0.8964181800000003,-7.517824830000001,0,0,0,-0.23127999999999999,0.18144000000000005,-0.35434
302,-576459961635,1.7288064900000004,3.9949851600000015,-9.468641430000002,0,0,0,-0.14391999999999996,0.15036000000000005,-0.44114
303,-576459961522,2.500755390000001,-0.3967458299999999,-4.300772670000001,0,0,0,-0.08554,0.13188000000000005,-0.41986
304,-576459961408,1.4367824100000006,2.381073390000001,-6.332973030000001,0,0,0,-0.24444,0.10262000000000003,-0.308
305,-576459961298,-11.121449849999998,4.414470570000001,-4.00276449,0,0,0,-0.33375999999999995,0.10738000000000003,-0.05544
306,-576459961188,-13.325393879999998,7.019349300000002,1.6121165399999997,0,0,0,-0.25438,0.22386000000000006,0.18298000000000003
307,-576459961090,-13.504318469999998,1.7694983700000007,5.01766785,0,0,0,-0.05796,0.3619000000000001,0.25550000000000006
309,-576459960756,-1.8365202899999995,-0.6708176099999998,2.29071348,0,0,0,0.2693600000000001,0.4589200000000001,-0.05264
310,-576459960551,3.6042234300000007,-6.985239929999998,7.676403479999999,0,0,0,0.35420000000000007,0.3953600000000001,-0.13818
311,-576459960549,9.419571810000003,-3.0967717499999994,2.20274721,0,0,0,0.3666600000000001,0.36596000000000006,-0.09827999999999999
312,-576459960346,8.688314790000002,-2.1315364199999998,3.4677859499999997,0,0,0,0.3631600000000001,0.4373600000000001,0.006160000000000001
313,-576459960345,6.527456280000002,3.8627365500000006,11.581627139999998,0,0,0,0.3234000000000001,0.4418400000000001,0.13986000000000004
314,-576459960177,-2.2488247799999996,-1.0520047799999999,6.19055145,0,0,0,0.04032000000000001,0.4342800000000001,0.23744000000000004
315,-576459960175,-11.473913339999998,1.3613827500000002,5.64779358,0,0,0,-0.1694,0.2973600000000001,0.23898000000000005
316,-576459960088,-12.129770699999996,8.549483670000003,2.00587032,0,0,0,-0.31794,0.16716000000000003,0.06258000000000002
317,-576459959971,-14.327730629999998,5.060154960000001,-7.381985760000002,0,0,0,-0.308,0.08722000000000002,-0.3661
318,-576459959861,-4.02251202,5.681902950000002,-6.680050830000002,0,0,0,-0.15091999999999997,0.06398000000000002,-0.41454
319,-576459959757,4.999117140000002,1.5630469200000006,-5.381501130000002,0,0,0,-0.0203,0.08106000000000002,-0.4081
320,-576459959643,3.255350400000001,3.906420480000001,-6.790756680000001,0,0,0,0.013440000000000002,-0.01232,-0.34874
321,-576459959522,-1.15912017,7.318554300000002,-6.3581062500000005,0,0,0,-0.17009999999999997,-0.051660000000000005,-0.22638
322,-576459959412,-8.237113649999998,6.385633110000002,-3.1757618700000005,0,0,0,-0.18395999999999998,-0.08077999999999999,-0.0707
323,-576459959296,-7.744622219999999,7.440629940000002,-2.8059444900000003,0,0,0,-0.12068,-0.08036,0.09030000000000002
324,-576459959200,-7.098937829999999,11.363207490000006,1.18126134,0,0,0,-0.02842,0.009100000000000002,0.22106000000000006
325,-576459959081,-4.508420939999999,9.129342960000002,10.102357620000001,0,0,0,0.10150000000000002,0.12082000000000002,0.2686600000000001
326,-576459958967,0.24415128000000005,6.769213920000002,4.3414645499999995,0,0,0,0.2576000000000001,0.21952000000000005,0.09884000000000003
327,-576459958854,2.590516890000001,2.9124614700000007,4.50722412,0,0,0,0.34958000000000006,0.24318000000000006,0.08176000000000003
328,-576459958742,5.594535090000003,4.281623550000002,6.415553609999999,0,0,0,0.3621800000000001,0.21448000000000006,0.18802000000000005
329,-576459958641,-0.6349130099999999,7.2479419200000015,7.67879712,0,0,0,0.15708000000000005,0.12222000000000002,0.2602600000000001
330,-576459958525,-3.6676548899999997,10.908415890000004,1.51816617,0,0,0,-0.00574,0.009520000000000002,0.22400000000000006
331,-576459958413,-5.935030379999999,11.180692440000005,2.2913118900000002,0,0,0,-0.10164,-0.0679,0.11144000000000003
332,-576459958296,-5.552047979999999,8.825949090000003,0.41170608,0,0,0,-0.1372,-0.10065999999999999,0.0016800000000000003
333,-576459958186,-0.9652353299999998,9.531474480000004,-4.020716790000001,0,0,0,-0.1211,-0.11521999999999999,-0.11662
334,-576459958073,0.34408575000000013,6.685436520000001,-2.97708975,0,0,0,-0.08288,-0.10892,-0.26389999999999997
335,-576459957959,1.0424302200000002,4.827373470000002,-4.953637980000001,0,0,0,-0.01232,-0.09702,-0.28251999999999994
336,-576459957849,5.3043062400000025,5.8410800100000015,-3.2828772600000007,0,0,0,0.08036000000000003,-0.08498,-0.25382
337,-576459957753,4.676574150000001,5.832702270000001,-4.0572198,0,0,0,0.09464000000000003,-0.12866,-0.20734
338,-576459957623,3.6072154800000007,8.557861410000001,-5.821332480000001,0,0,0,0.030940000000000006,-0.15063999999999997,-0.1379
339,-576459957510,0.40691880000000014,6.454450260000002,-2.4995585700000005,0,0,0,0.033880000000000014,-0.15861999999999998,-0.049139999999999996
340,-576459957399,-0.5972131799999999,11.432623050000004,-1.9382499900000003,0,0,0,0.06944000000000002,-0.13132,0.07462000000000003
341,-576459957289,1.2165675300000003,15.191834670000002,-0.36562851,0,0,0,0.15344000000000005,-0.04311999999999999,0.18074000000000007
342,-576459957183,3.094378110000001,8.356197240000002,1.59117219,0,0,0,0.2681000000000001,0.09436000000000003,0.11130000000000002
343,-576459957072,3.6897960600000013,3.704157900000001,2.33679105,0,0,0,0.3582600000000001,0.23884000000000005,0.04746000000000001
344,-576459956956,8.599151700000002,2.702419560000001,0.92095299,0,0,0,0.3626000000000001,0.33978000000000014,0.012180000000000003
345,-576459956852,8.479469700000003,1.8012141000000004,1.0071240300000002,0,0,0,0.34860000000000013,0.3985800000000001,0.05180000000000001
346,-576459956745,7.389765090000002,2.9136582900000008,2.27515482,0,0,0,0.3476200000000001,0.3109400000000001,0.12180000000000003
347,-576459956635,6.692617440000002,3.9447187200000013,2.15367759,0,0,0,0.3148600000000001,0.15820000000000004,0.18340000000000006
348,-576459956522,7.341293880000002,8.867837790000003,3.95429328,0,0,0,0.23016000000000003,0.0019600000000000004,0.18186000000000005
349,-576459956404,2.914256700000001,9.970109010000003,2.43133983,0,0,0,0.14490000000000006,-0.0994,0.10724000000000003
350,-576459956305,4.8943953900000015,9.397430640000003,0.95506236,0,0,0,0.10724000000000003,-0.14447999999999997,-0.0287
351,-576459956185,6.292879560000001,9.403414740000002,-2.9417835600000006,0,0,0,0.13482000000000005,-0.13859999999999997,-0.18983999999999998
352,-576459956072,5.167270350000002,3.631750290000001,-2.747300310000001,0,0,0,0.17724000000000006,-0.1085,-0.1981
353,-576459955960,4.692132810000001,9.867780900000003,-5.86561482,0,0,0,0.17402000000000006,-0.10598,-0.14769999999999997
354,-576459955862,2.2877214300000004,9.245434500000002,-5.783034240000001,0,0,0,0.13314000000000004,-0.1428,-0.06118
355,-576459955755,0.40153311000000014,9.012653010000003,-7.569886500000002,0,0,0,0.16268000000000005,-0.13104,-0.0074199999999999995
356,-576459955619,3.864531780000001,11.837746620000003,-3.6724421700000005,0,0,0,0.22414000000000006,-0.08806,0.06384000000000002
357,-576459955499,2.0453653800000007,11.750378760000002,1.00592721,0,0,0,0.3130400000000001,0.024360000000000007,0.09422000000000003
358,-576459955387,3.6850087800000013,5.921865360000002,2.2721627700000004,0,0,0,0.3661000000000001,0.11760000000000004,0.05880000000000002
359,-576459955291,4.678967790000001,8.907931260000003,-2.4834015000000003,0,0,0,0.3857000000000001,0.15008000000000005,-0.02842
360,-576459955180,3.654489870000001,8.238908880000002,-2.24224227,0,0,0,0.38346000000000013,0.13804000000000002,-0.0308
361,-576459955021,3.0818115000000015,8.858263230000002,0.60379569,0,0,0,0.3795400000000001,0.035980000000000005,-0.0315
362,-576459954817,5.699855250000002,9.213120360000003,1.5079931999999998,0,0,0,0.3574200000000001,0.044800000000000006,-0.05684
363,-576459954815,4.910552460000002,11.955034980000004,1.08192528,0,0,0,0.3873800000000001,0.09632000000000003,-0.0462
364,-576459954612,3.9501044100000007,8.137179180000002,-2.67369588,0,0,0,0.3809400000000001,0.08932000000000002,-0.00378
365,-576459954610,4.8279718800000015,8.792438130000003,-3.185336430000001,0,0,0,0.35070000000000007,0.02856000000000001,0.013860000000000004
366,-576459954407,5.695666380000002,8.302340340000002,2.46604761,0,0,0,0.3227000000000001,-0.03303999999999999,-0.020159999999999997
367,-576459954405,5.3001173700000015,9.140114340000002,-3.1643920800000007,0,0,0,0.3131800000000001,-0.04564,-0.03822
368,-576459954202,3.0554814600000006,8.341236990000002,-5.675918850000001,0,0,0,0.3019800000000001,-0.06258,-0.05376
369,-576459954181,4.775311800000001,8.140769640000002,-3.8848777200000004,0,0,0,0.2794400000000001,-0.07644,0.09324000000000002
370,-576459954059,2.463653970000001,6.063090120000001,-5.523922710000001,0,0,0,0.2580200000000001,-0.05278,0.19488000000000005
371,-576459953959,2.8861314300000007,8.471690370000001,2.5504234199999996,0,0,0,0.16394000000000003,-0.02436,0.22316000000000005
372,-576459953852,-1.06935867,8.238908880000002,2.872368,0,0,0,-0.0168,-0.046759999999999996,0.18942000000000006
373,-576459953588,3.1416525000000006,11.208817710000005,2.36850678,0,0,0,0.006020000000000002,-0.07629999999999999,0.16170000000000004
374,-576459953586,2.1584648700000004,9.359730810000002,2.6593340399999996,0,0,0,0.06384000000000002,-0.0959,0.14840000000000006
375,-576459953502,5.057162910000002,9.708603840000002,2.08545885,0,0,0,0.09800000000000002,-0.11102000000000001,0.11340000000000003
376,-576459953392,2.858006160000001,7.464566340000002,-0.7025333400000001,0,0,0,0.10934000000000002,-0.09954,0.12264000000000003
377,-576459953294,5.177443320000002,9.603882090000003,1.4296014899999998,0,0,0,0.10612000000000003,-0.08568,0.16548000000000004
378,-576459953184,4.100903730000001,11.798251560000004,0.91496889,0,0,0,0.10696000000000003,-0.06509999999999999,0.18424000000000004
379,-576459952974,8.022284460000002,8.237113650000003,6.0050443499999995,0,0,0,0.10598000000000003,-0.04774,0.19208000000000006
380,-576459952769,6.778788480000001,7.5244073400000016,6.07625514,0,0,0,0.14784000000000005,-1.4000000000000001e-4,0.19012000000000004
381,-576459952767,6.583108410000002,4.708888290000002,4.81061799,0,0,0,0.34608000000000005,0.07028000000000002,0.11284000000000002
382,-576459952564,4.189468410000002,0.8264042100000002,4.2726474,0,0,0,0.4179000000000001,0.14210000000000003,-0.03765999999999999
383,-576459952562,6.651925560000002,2.1734251200000005,-0.49249143000000006,0,0,0,0.40964000000000006,0.17486000000000007,-0.17472
384,-576459952359,0.26090676000000007,-0.5331833099999999,-7.111504440000001,0,0,0,0.3122000000000001,0.17710000000000004,-0.33096
385,-576459952357,-1.6923034799999996,1.6647766200000005,-9.240048810000001,0,0,0,0.20482000000000003,0.10878000000000003,-0.39536
386,-576459952154,-2.2739579999999995,6.601060710000002,-16.14330657,0,0,0,0.16492000000000004,0.09730000000000003,-0.36301999999999995
387,-576459952152,-1.7323969499999994,6.4897564500000025,-13.197334140000002,0,0,0,0.25228000000000006,0.13370000000000004,-0.27986
388,-576459952068,0.7115094900000003,4.283418780000002,-8.512980660000002,0,0,0,0.34020000000000006,0.2781800000000001,-0.18074
389,-576459951962,1.7653095000000005,-0.27706382999999996,-3.5216428500000005,0,0,0,0.3710000000000001,0.3956400000000001,-0.02128
390,-576459951856,1.2740148900000003,-3.9195854999999997,11.707293239999998,0,0,0,0.22974000000000006,0.4641000000000001,0.16142000000000004
391,-576459951748,1.0071240300000004,-3.8034939599999995,12.27398751,0,0,0,0.10402000000000002,0.5062400000000001,0.18424000000000004
392,-576459951618,1.7102557800000007,-2.14051257,14.082980939999999,0,0,0,0.14672000000000004,0.4774000000000001,0.18718000000000004
393,-576459951504,3.754424340000001,-0.7839170999999999,9.75168936,0,0,0,0.32200000000000006,0.39578000000000013,-0.12725999999999998
394,-576459951409,5.523922710000002,0.08317899000000004,0.19807371,0,0,0,0.3805200000000001,0.3672200000000001,-0.2872799999999999
395,-576459951299,4.368991410000001,0.47334231000000015,-5.172057630000001,0,0,0,0.2840600000000001,0.40964000000000006,-0.34692
396,-576459951182,-0.6522668999999999,-2.0028782699999996,-10.305218610000002,0,0,0,0.13524000000000005,0.4867800000000001,-0.3451
397,-576459951070,0.23517513000000007,0.14062635000000004,-14.292424440000001,0,0,0,0.06188000000000001,0.4876200000000001,-0.3556
398,-576459950973,-0.13643747999999997,-0.6570541799999998,-12.375717210000003,0,0,0,0.11200000000000003,0.4723600000000001,-0.35084
399,-576459950721,4.291198110000002,-1.1627106299999999,-7.672214610000001,0,0,0,0.16758000000000006,0.4846800000000001,-0.31892
400,-576459950719,4.619725200000001,-2.4929760599999997,-4.00216608,0,0,0,0.17976000000000003,0.5370400000000002,-0.25451999999999997
401,-576459950516,4.074573690000001,-7.13065356,1.2129770700000002,0,0,0,0.19670000000000007,0.5658800000000002,-0.17975999999999998
402,-576459950514,7.139031300000002,-6.842818349999999,3.1129288199999996,0,0,0,0.16772000000000004,0.5944400000000002,-0.16393999999999997
403,-576459950311,8.889978960000002,-3.7436529599999995,5.08289454,0,0,0,0.09296000000000003,0.6013000000000002,-0.18675999999999998
404,-576459950308,-2.5695725399999993,-10.343516849999997,-1.8359218800000001,0,0,0,-0.06509999999999999,0.6095600000000001,-0.025339999999999998
405,-576459950190,-1.8873851399999995,-10.750435649999996,5.35935996,0,0,0,-0.12362,0.5859000000000002,0.08722000000000002
406,-576459950082,-6.103183589999999,-12.597128909999997,3.57490134,0,0,0,-0.05586,0.5663000000000001,0.07000000000000002
407,-576459949979,-7.592626079999999,-8.490241079999999,-3.38819742,0,0,0,0.07672000000000002,0.6035400000000002,-0.07644
408,-576459949863,-5.966746109999998,-5.163679889999998,-7.679993940000001,0,0,0,0.09464000000000003,0.5548200000000002,-0.26516
409,-576459949755,-5.141538719999999,-0.7743425399999999,-7.8242107500000015,0,0,0,0.07812000000000002,0.4149600000000001,-0.41146
410,-576459949633,-6.009831629999999,1.9053374400000005,-8.95161519,0,0,0,0.013720000000000003,0.25578000000000006,-0.45611999999999997
411,-576459949521,-8.106660269999999,2.5294790700000007,-6.595675020000002,0,0,0,-0.07728,0.11536000000000002,-0.42112
412,-576459949411,-8.481264929999998,4.120651260000001,-10.68939783,0,0,0,-0.17178,0.04872000000000001,-0.3556
413,-576459949299,-7.9803957599999995,4.9685982300000004,-10.093979880000001,0,0,0,-0.18003999999999998,0.12712000000000004,-0.43413999999999997
414,-576459949185,-6.771607559999999,7.305987690000002,-6.266549520000002,0,0,0,-0.059219999999999995,0.3140200000000001,-0.44898
415,-576459949069,-7.84036782,-0.11489471999999998,-1.19203272,0,0,0,0.05628000000000001,0.4925200000000001,-0.34901999999999994
416,-576459948973,-5.511356099999999,-4.804633889999999,-3.929758470000001,0,0,0,0.007560000000000002,0.5854800000000002,-0.21867999999999999
417,-576459948862,-6.231841739999998,-3.3337421099999993,-8.084519100000001,0,0,0,-0.08091999999999999,0.5920600000000001,-0.12669999999999998
418,-576459948673,-5.2330954499999995,-7.2228087,-5.018864670000001,0,0,0,-0.15022,0.5616800000000002,-0.15231999999999998
419,-576459948468,-0.8174280599999998,-2.5761550499999992,-8.672756130000002,0,0,0,-0.19277999999999998,0.5058200000000002,-0.22427999999999998
420,-576459948466,-3.5629331399999997,-6.265951109999998,-10.283077440000003,0,0,0,-0.16226,0.45052000000000014,-0.32704
421,-576459948263,0.8802611100000003,-6.045137819999999,-4.355826390000001,0,0,0,-0.0658,0.4375000000000001,-0.39381999999999995
422,-576459948261,1.8778105800000005,-6.422136119999999,-7.195281840000001,0,0,0,-0.007,0.46340000000000015,-0.35294
423,-576459948201,0.6917619600000002,-8.671559309999997,-3.69398493,0,0,0,0.06692000000000002,0.5177200000000002,-0.25438
424,-576459948095,3.841193790000001,-6.352720559999998,-0.29501613,0,0,0,0.14658000000000007,0.5944400000000002,-0.12907999999999997
425,-576459947989,1.5247486800000003,-7.29282267,5.491010159999998,0,0,0,0.17486000000000007,0.6015800000000002,-0.02828
426,-576459947880,3.331946880000001,-6.4987325999999985,4.42943082,0,0,0,0.14910000000000004,0.5915000000000001,0.05096000000000001
427,-576459947762,2.9794833900000004,-3.9165934499999993,6.818283539999999,0,0,0,0.12866000000000005,0.5581800000000001,0.13286000000000003
428,-576459947635,0.5098453200000002,-2.0986238699999995,10.111932179999998,0,0,0,0.11956000000000003,0.4908400000000001,0.21224000000000007
429,-576459947529,-0.9149688899999999,1.9376515800000005,9.62961372,0,0,0,0.08890000000000003,0.3935400000000001,0.2714600000000001
430,-576459947424,-0.6331177799999999,5.8919448600000015,8.41783347,0,0,0,0.037100000000000015,0.2888200000000001,0.29652000000000006
431,-576459947315,-1.8407091599999998,8.195224950000002,9.77921622,0,0,0,-0.02492,0.18704000000000004,0.2597000000000001
432,-576459947205,-4.736415149999999,8.441769870000003,6.186960989999999,0,0,0,-0.07923999999999999,0.10878000000000003,0.21098000000000006
433,-576459947097,-5.312085569999999,9.210128310000002,3.0219704999999997,0,0,0,-0.12446,0.006720000000000001,0.15456000000000006
434,-576459946993,-3.3223723199999995,9.588921840000003,1.2817942199999999,0,0,0,-0.15736,-0.04704,0.10752000000000002
435,-576459946881,-3.3702451199999994,9.180207810000002,3.42410202,0,0,0,-0.05306,-0.10584,0.08246000000000002
436,-576459946760,-3.8160605699999994,9.124555680000002,0.6887699099999999,0,0,0,0.05222000000000001,-0.13621999999999998,0.022540000000000004
437,-576459946655,-1.6988859899999997,12.987890640000003,-2.49477129,0,0,0,0.17528000000000005,-0.13496,-0.04942
438,-576459946550,-1.8496853099999997,9.118571580000001,-1.9436356800000003,0,0,0,0.2620800000000001,-0.07769999999999999,-0.17387999999999998
439,-576459946420,-1.03345407,7.502864580000002,-3.9064204800000004,0,0,0,0.2693600000000001,0.037660000000000006,-0.42098
440,-576459946215,0.5469467400000002,7.231784850000001,-4.51859391,0,0,0,0.19278000000000003,0.20678000000000005,-0.42952
441,-576459946209,-4.111076699999999,5.519135430000002,-11.357223390000001,0,0,0,0.05418000000000001,0.3712800000000001,-0.36007999999999996
442,-576459946102,-5.379107489999999,0.43324884000000013,-4.877041500000001,0,0,0,-0.07994,0.4788000000000001,-0.315
443,-576459945985,-7.632719549999999,-1.2045993299999997,-12.87957843,0,0,0,-0.19333999999999998,0.4631200000000001,-0.31079999999999997
444,-576459945880,-4.371385049999999,-2.6246262599999994,-7.628530680000001,0,0,0,-0.17303999999999997,0.4450600000000001,-0.32424
445,-576459945777,-2.552817059999999,0.4380361200000001,-11.804834070000002,0,0,0,-0.13271999999999998,0.40670000000000006,-0.36624
446,-576459945653,0.42367428000000007,-1.5504803099999998,-9.7959717,0,0,0,-0.016239999999999997,0.3736600000000001,-0.41118
447,-576459945541,5.2336938600000025,-2.616248519999999,-8.36637021,0,0,0,0.11830000000000002,0.34076000000000006,-0.40306
448,-576459945432,7.213832550000002,-2.4498905399999997,-4.81540527,0,0,0,0.2623600000000001,0.3137400000000001,-0.21531999999999998
449,-576459945321,7.985781450000002,-1.3548002399999997,2.8508252400000003,0,0,0,0.36652000000000007,0.27314000000000005,-0.038079999999999996
450,-576459945220,7.553131020000002,-1.5809992199999996,6.163622999999999,0,0,0,0.40628000000000014,0.2524200000000001,0.12054000000000004
451,-576459945108,2.025019440000001,-1.4577267599999997,9.45966528,0,0,0,0.3446800000000001,0.2734200000000001,0.23562000000000005
452,-576459944995,-4.357621619999999,-2.1722282999999996,6.00983163,0,0,0,0.09254000000000003,0.26306000000000007,0.28476000000000007
453,-576459944879,-5.962557239999999,-0.4176901799999999,8.23232637,0,0,0,-0.0623,0.24990000000000007,0.2676800000000001
454,-576459944780,-8.208389969999999,-0.06223463999999999,7.092953729999999,0,0,0,-0.19039999999999999,0.22638000000000005,0.20930000000000007
455,-576459944671,-10.880290619999998,0.33211755000000015,1.2303309599999999,0,0,0,-0.27481999999999995,0.16436000000000006,0.11998000000000003
456,-576459944372,-9.495569879999998,2.092639770000001,0.78690915,0,0,0,-0.29651999999999995,0.08400000000000002,0.03780000000000001
457,-576459944370,-8.245491389999998,5.748326460000002,3.66765489,0,0,0,-0.26474,-0.00168,-0.0371
458,-576459944167,-7.81702983,7.202462760000001,-1.65998934,0,0,0,-0.18018,-0.08721999999999999,-0.10472
459,-576459944165,-6.742285469999999,8.350213140000003,-3.9686551200000006,0,0,0,-0.06692,-0.12739999999999999,-0.24486
460,-576459944119,-4.946457059999999,9.946771020000003,-6.979255830000001,0,0,0,0.06762000000000003,-0.043399999999999994,-0.29189999999999994
461,-576459944007,-1.1262076199999997,8.023481280000002,-7.330522500000001,0,0,0,0.20608000000000007,0.10206000000000003,-0.32283999999999996
462,-576459943901,0.6983444700000002,5.708831400000002,-9.092241540000002,0,0,0,0.2938600000000001,0.2874200000000001,-0.33922
463,-576459943796,3.924372780000001,5.604109650000002,-9.11019384,0,0,0,0.18844000000000005,0.4300800000000001,-0.3339
464,-576459943671,-0.32373980999999996,-2.0752858799999996,-10.317785220000003,0,0,0,0.03248000000000001,0.5139400000000002,-0.32298
465,-576459943558,0.8287978500000002,-5.0027076,-4.0572198,0,0,0,-0.08399999999999999,0.5261200000000001,-0.2891
466,-576459943433,-5.220528839999999,-8.639843579999999,-8.509390200000002,0,0,0,-0.0889,0.5175800000000003,-0.32787999999999995
467,-576459943326,2.588721660000001,-4.5419319,-6.167811870000001,0,0,0,-0.02632,0.5072200000000001,-0.3276
468,-576459943223,3.2852709000000013,-4.624512479999999,-5.762688300000001,0,0,0,0.021840000000000005,0.5223400000000002,-0.32255999999999996
469,-576459942938,4.7513754000000015,-4.601174489999999,-2.4594651000000005,0,0,0,0.04942000000000001,0.5199600000000002,-0.32283999999999996
470,-576459942937,4.419257850000001,-8.120423699999998,-3.8453826600000007,0,0,0,0.04942000000000001,0.5198200000000002,-0.3276
471,-576459942734,4.045850010000001,-3.6820167299999995,-5.362950420000001,0,0,0,-0.01274,0.5350800000000002,-0.29063999999999995
472,-576459942732,3.265523370000001,-4.795657739999999,-4.30196949,0,0,0,-0.07209999999999998,0.5700800000000003,-0.21924
473,-576459942529,1.7683015500000008,-8.956402469999999,1.13398695,0,0,0,-0.11004,0.5789000000000002,-0.16953999999999997
474,-576459942527,0.5038612200000001,-8.703873449999998,-6.252187680000001,0,0,0,-0.14615999999999998,0.5696600000000002,-0.1379
475,-576459942324,0.7893027900000003,-9.46445256,-0.40272993000000007,0,0,0,-0.16576,0.5602800000000001,-0.11956
476,-576459942322,-0.5355769499999998,-11.06220726,-2.0375860500000003,0,0,0,-0.18046,0.5521600000000001,-0.11213999999999999
477,-576459942241,0.29381931000000006,-10.852165349999998,-0.28364634,0,0,0,-0.17415999999999998,0.5566400000000001,-0.13188
478,-576459942124,1.5432993900000005,-7.5686896799999985,-2.5384552200000003,0,0,0,-0.15778,0.5591600000000001,-0.12894
479,-576459942009,-0.5110421399999999,-10.251960119999998,-3.594050460000001,0,0,0,-0.15974,0.5569200000000002,-0.11829999999999999
480,-576459941906,0.07779330000000002,-10.004218379999998,-3.2014935000000007,0,0,0,-0.17472,0.5537000000000002,-0.11942
481,-576459941803,-0.5936227199999998,-10.676232809999997,-2.19556629,0,0,0,-0.18353999999999998,0.5511800000000001,-0.11241999999999999
482,-576459941505,0.06941556000000002,-9.074289239999997,-0.9921637800000002,0,0,0,-0.18606,0.5545400000000001,-0.11648
483,-576459941503,0.05625054000000001,-9.556607699999999,-1.5702278400000003,0,0,0,-0.18508,0.5534200000000001,-0.1071
484,-576459941451,-0.030518909999999996,-9.622432799999999,-2.35055448,0,0,0,-0.18368,0.5486600000000001,-0.11186
485,-576459941354,-0.048471209999999994,-9.75049254,-1.1686947300000001,0,0,0,-0.17836,0.5525800000000002,-0.11788
486,-576459941243,-0.00837774,-9.591913889999999,-1.6540052400000003,0,0,0,-0.1799,0.5523000000000001,-0.12838
487,-576459941135,-0.021542759999999994,-9.617645519999998,-1.84609485,0,0,0,-0.17962,0.5481000000000003,-0.12796
488,-576459941025,0.2884336200000001,-9.466247789999999,-2.43971757,0,0,0,-0.17752,0.5514600000000002,-0.12138
489,-576459940930,0.010771380000000004,-9.56977272,-1.9669736700000002,0,0,0,-0.17681999999999998,0.5500600000000001,-0.1253
490,-576459940814,0.004188870000000001,-9.542245859999998,-1.9514150100000005,0,0,0,-0.17472,0.5493600000000002,-0.12306
491,-576459940696,-0.016157069999999996,-9.558402929999998,-2.0082639600000003,0,0,0,-0.18018,0.5507600000000001,-0.12949999999999998
492,-576459940583,0.004787280000000001,-9.56498544,-1.9621863900000003,0,0,0,-0.17836,0.5549600000000002,-0.12502
493,-576459940484,0.005385690000000002,-9.561993389999998,-1.9508166000000005,0,0,0,-0.18003999999999998,0.5483800000000002,-0.12852
494,-576459940369,0.006582510000000002,-9.554214059999998,-1.9681704900000003,0,0,0,-0.17709999999999998,0.5495000000000002,-0.13313999999999998
495,-576459940255,-0.020345939999999993,-9.560796569999997,-2.01245283,0,0,0,-0.1799,0.5454400000000001,-0.12586
496,-576459940141,5.984100000000002e-4,-9.559001339999998,-1.9322658900000003,0,0,0,-0.1799,0.5525800000000002,-0.12907999999999997
497,-576459940028,-5.9841e-4,-9.563190209999998,-1.9621863900000003,0,0,0,-0.18158,0.5497800000000002,-0.11984
498,-576459939925,0.019149120000000006,-9.565583849999998,-1.9484229600000005,0,0,0,-0.17878,0.5517400000000002,-0.12474
499,-576459939816,0.002992050000000001,-9.56618226,-1.9412420400000003,0,0,0,-0.18228,0.5467000000000002,-0.12866
500,-576459939707,5.984100000000002e-4,-9.57336318,-1.9472261400000004,0,0,0,-0.17906,0.5476800000000002,-0.12166
501,-576459939577,0.007180920000000001,-9.557206109999997,-1.9633832100000004,0,0,0,-0.18059999999999998,0.5509000000000002,-0.12628
502,-576459939479,0.0035904600000000006,-9.556607699999999,-1.9472261400000004,0,0,0,-0.18297999999999998,0.5464200000000001,-0.12796
503,-576459939367,-0.00119682,-9.559599749999999,-1.9645800300000003,0,0,0,-0.17808000000000002,0.5471200000000002,-0.12502
504,-576459939256,0.011968200000000003,-9.570969539999998,-1.9220929200000003,0,0,0,-0.17794,0.5506200000000002,-0.1253
505,-576459939140,-0.0017952299999999997,-9.56498544,-1.95440706,0,0,0,-0.17808000000000002,0.5500600000000001,-0.12404
506,-576459939047,-0.00239364,-9.552418829999999,-1.9807371,0,0,0,-0.17962,0.5495000000000002,-0.12725999999999998
507,-576459938934,0.006582510000000002,-9.549426779999997,-1.9029438000000003,0,0,0,-0.18144,0.5497800000000002,-0.12572
508,-576459938638,-0.014361839999999997,-9.553017239999999,-1.9508166000000005,0,0,0,-0.1827,0.5566400000000001,-0.1232
509,-576459938636,0.0,-9.556009289999999,-1.97594982,0,0,0,-0.17794,0.5489400000000001,-0.12894
510,-576459938433,0.002992050000000001,-9.543442679999998,-1.9621863900000003,0,0,0,-0.18297999999999998,0.5507600000000001,-0.12754
511,-576459938431,0.004787280000000001,-9.55780452,-1.9454309100000002,0,0,0,-0.18018,0.5523000000000001,-0.12502
512,-576459938228,-0.017952299999999997,-9.561993389999998,-1.9615879800000002,0,0,0,-0.18059999999999998,0.5506200000000002,-0.1323
513,-576459938226,0.002992050000000001,-9.550623599999998,-1.9556038800000002,0,0,0,-0.17892,0.5506200000000002,-0.12544
514,-576459938142,0.021542760000000008,-9.53566335,-1.9460293200000003,0,0,0,-0.18059999999999998,0.5495000000000002,-0.12614
515,-576459938040,-0.00239364,-9.56498544,-2.00706714,0,0,0,-0.1827,0.5507600000000001,-0.12474
516,-576459937932,0.015558660000000004,-9.553615649999998,-1.9262817900000002,0,0,0,-0.18214,0.5511800000000001,-0.119
517,-576459937821,-0.014960249999999998,-9.583536149999999,-1.9980909900000003,0,0,0,-0.18214,0.5475400000000001,-0.126
518,-576459937705,0.023337990000000006,-9.560198159999999,-1.9334627100000001,0,0,0,-0.17906,0.5467000000000002,-0.12683999999999998
519,-576459937591,0.0011968200000000003,-9.563788619999999,-1.9771466400000002,0,0,0,-0.17752,0.5492200000000002,-0.12278
520,-576459937476,0.012566610000000004,-9.554812469999998,-1.9274786100000003,0,0,0,-0.18144,0.5497800000000002,-0.12446
521,-576459937351,-0.0053856899999999985,-9.553017239999999,-1.9376515800000003,0,0,0,-0.18003999999999998,0.5488000000000002,-0.11871999999999999
522,-576459937236,0.05086485000000002,-9.540450629999999,-1.9113215400000003,0,0,0,-0.18186,0.5497800000000002,-0.12628
523,-576459937125,0.007779330000000002,-9.566780669999998,-1.9472261400000004,0,0,0,-0.17681999999999998,0.5520200000000002,-0.12348
524,-576459937024,0.009574560000000003,-9.548229959999999,-1.95440706,0,0,0,-0.18802,0.5496400000000001,-0.1253
525,-576459936912,0.008377740000000002,-9.552418829999999,-1.9675720800000003,0,0,0,-0.1855,0.5544000000000001,-0.13174
526,-576459936804,0.004188870000000001,-9.549426779999997,-1.9496197800000001,0,0,0,-0.18325999999999998,0.5489400000000001,-0.13146
527,-576459936696,0.0017952300000000003,-9.564387029999999,-1.9609895700000004,0,0,0,-0.1862,0.5493600000000002,-0.12669999999999998
528,-576459936593,0.0023936400000000007,-9.568575899999999,-1.9585959300000002,0,0,0,-0.182,0.5488000000000002,-0.1309
529,-576459936470,0.014960250000000005,-9.569174309999998,-1.9496197800000001,0,0,0,-0.18578,0.5503400000000002,-0.12739999999999999
530,-576459936358,0.008976150000000002,-9.559001339999998,-1.9562022900000002,0,0,0,-0.18578,0.5497800000000002,-0.12768
531,-576459936244,0.018550710000000005,-9.494373059999997,-1.9753514100000005,0,0,0,-0.1827,0.5451600000000002,-0.12824
532,-576459936137,-0.03351096,-9.58892184,-1.9627848000000003,0,0,0,-0.18228,0.5517400000000002,-0.12894
533,-576459936021,0.021542760000000008,-9.547631549999998,-1.9508166000000005,0,0,0,-0.18297999999999998,0.5516000000000002,-0.12362
534,-576459935907,-0.0053856899999999985,-9.512923769999999,-1.9532102400000002,0,0,0,-0.18409999999999999,0.5520200000000002,-0.1232
535,-576459935797,0.017353890000000004,-9.48001122,-1.9550054700000001,0,0,0,-0.1855,0.5520200000000002,-0.12655999999999998
536,-576459935701,0.014960250000000005,-9.560198159999999,-1.9538086500000003,0,0,0,-0.18578,0.5493600000000002,-0.12193999999999999
537,-576459935560,0.010172970000000005,-9.558402929999998,-1.9484229600000005,0,0,0,-0.18046,0.5510400000000002,-0.12068
